tz1M3fo53CpmYM1MYAuc43NtNZm96domcY6x, 245900
tz1WQ5biJWyKR6tLyBvBm88JeSyAK12VUcum, 245900
tz1eb6oWtwZwByc8Dez5EEmjRsupRXq42wFS, 245900
tz1dCgt7GmU2pSYa2NuPpSyWuNAiP4vFSgMD, 245900
tz1fZ8idAgk1ZoMm724VLfcUFa2Jpy1Bo3yS, 245900
tz1UJpTQU1UEunkJjy6fiZxLtheJmMkxrenV, 245900
tz1XN9mKMVo8EhF5dHqtiZWakv8TxA53cfU3, 245900
tz1Yn9vFwCJ3iu54ionB9ZcE7dp3JBPhqZHo, 245900
tz1RaYpBGC36yxLE1YdzTXBXSFdU6UbCemeP, 245900
tz1gGwXf6Ggkv9T4jGmp58jUMU2Gh2vYjDyH, 245900
tz1RDJvzx6Gqb9ZiqDZqszXzMouC7pWu3Xjc, 245900
tz1hHzPzsqxcXRvUR4K55FG78eM2HFjizeWT, 245900
tz1c2huBiaVjhoggDj1fC8Ms4fm175DjCf6f, 245900
tz1eYn7i7CmHXSqfeiLtL7LaZYvBYf4Rxkvs, 245900
tz1TwAqhuydkeH6ehJP61hZHUDkYCjPLVShQ, 245900
tz1T92MotujxcxfjtYzpzfZcNutv2VhBJ7gY, 245900
tz2Wk3Wn3zTsUTWsoWDWAmWxXs7ivByoSYAq, 245900
tz1dZuKxjVojU7gtRDU1nMmG8uRdowF2Q3Sn, 245900
tz1W636vagJmMVrkdtsXJADfcTZMjWXYXCRz, 245900
tz1aeMKw8n3QM3WTm3zcQT7ndjvqRx6TRpPv, 245900
tz2JdjnX5fQUpB2jWztqTBssrc9QQDr3xeyQ, 245900
tz1NySiq6aHysD6Rpu4bYhFaVe3ASya2qB8D, 245900
tz1YKAQZYDzjX5BT5atdsjLWmrZTQHF6EPwG, 245900
tz1PYGX3eFGnCsikqU8mPdNGCh9qb3RQ1JWC, 245900
tz1foGo625ktybeMUt9jSVdMCkCAsGi5HxBp, 245900
tz1ZZDxb4uDonwL3XarpscAso2BdV729s6se, 245900
tz1cmUHKx9xNTqBQWo8fXM2L7Nvxx3Gryb6J, 245900
tz1at3sLqqw7Ans36v5eAPrYC9Yo8WEskCgU, 245900
tz1fj962xSPKTA57yWHA43VeVzo8KqdpNAeF, 245900
tz1gu5jCJunSaHjR52rcu3n7SgDCJZDLTqJM, 245900
tz1TENeaWfDL1Xkvn1jeSEx4YyArVejywjeu, 245900
tz1d4zG2as4ZXdcMb4tn6Ms5FF4mxnUWxTSh, 245900
tz2HGysnSAQAetSyFYCa7SoH6XXVwbVqMHnM, 245900
tz1et3Vet5LcNgEf6a2yu43aL4GZAZt4Dckk, 245900
tz1X9vB3B5Vjt3Ct5XjuRMnRsGghN1M4GuFu, 245900
tz1NQQRn2o7hk2VpRTq6ea2Qurr1KFs5V4mF, 245900
tz2JA36RhHGU93fAfrniNaFuQ9urgoos2yj3, 245900
tz1W151rZhpG2hDyT4J6jfexmtLnjnjtKZMp, 245900
tz1bJWHmDVRx2Na7m7Qa9DnJdvwACdBEoyE4, 245900
tz1YdcT1Kd5gkL45Gy9fZtuzTcYZaLshj3hG, 245900
tz1TzNA5gNcKxtQS72JpaCQGuW3hxXxKhky4, 245900
tz1daA86vdgrZSSYofmgYj3Vp9Cjt3pJtkL8, 245900
tz1YTKDxMqz2YFjYmjgqnaYv87cKXWKayzzq, 245900
tz1iRPtn6aihfYi7kSBT4NDZX5sf1MMEzsUV, 245900
tz1VzrMBdMU47BuVZmzeDmD9bHEhqYvsGHd3, 245900
tz1fRicBanLYJwKHaiHCcg4zS9XhT9K9dThj, 245900
tz2XHpU2snzf7tKfXsDaKjwNE8wCWTUgLaf7, 245900
tz2EaL8HTqjZhVAWrQ3Ddp4wNCxPeE8CtM5f, 245900
tz1RodX5Yrjc8ivtDvoyVsZvXr31BE5uGHiJ, 245900
tz1aGqfKfaUZs5xLxZMB8FndifnBZcT4Nd9t, 245900
tz1f1mK2kkjPucScpVXwJMhujeYRh568WAa3, 245900
tz1RtZicExCMqg4gWnsVe5E3FfXaX9KMTnn4, 245900
tz1Rcm18HLqvj1HshPABQRXtBtpRVR3CvYwZ, 245900
tz1gueZ7eL2KnvxqWudHjoTH3ZPiUCmwNKR6, 245900
tz1arevpRE84dFAoFpxMUTBinogUVs55CXVj, 245900
tz1UBanJmi5vBZ1EXfdd8JiusfZBqBKVrcoD, 245900
tz1UpBrpg5hKGY3ugnSTaVHXGKbDNEraN2cX, 245900
tz1idVmd7Q2WenJKMTjjPS62wrg6mLtWWZ7J, 245900
tz1bZDEnYQwJc8Ne39qVEEoTXhY2yMbinwHN, 245900
tz1SpwLCRLj2PWuCJ5XSCEaJWYeHbdWbkG1A, 245900
tz1ivu497EF9qzLjNRSj9UbXYwCF1HwnJj5Z, 245900
tz1hQaB8FAYTJQ5JWbUF6GNQvMxkBxJtDicN, 245900
tz1e52CpddrybiDgawzvqRPXthy2hbAWGJba, 245900
tz2NCXVQeofkgZ4z9khFiiXEMoMzLc6moe5X, 245900
tz1Q1x3MPPjDjbBLFiLneNAaSodnHQdsL5a3, 245900
tz2LYELYe16viwVBaRjZc8GsauKRsxTGPvB1, 245900
tz1T5Ln4GVnWxZFHwiodnmoUXrDp6rLocvXg, 245900
tz1M1SZxUg4TiXnqvGsmnA5iPyGoMVPMGK6W, 245900
tz1TBgetPN5NT3BQkrv6GffKJkvqcvNmpyKk, 245900
tz1PwgoJMnUsqv6YcnmWb5Qk2gLSWEtfRiC6, 245900
tz1cZBSsXACcj6WdjMoSy6iedkS8k6ieMK5J, 245900
tz1iKMvgDuSvEMPBb3UhtUK3g41YrTD9L2Zo, 245900
tz1RYKPxCG9zAz43uWqM5vwJbNXNJd4EcBR9, 245900
tz1Mz5M22fso15fFY8D4m9RHsTeeNoQNeq9o, 245900
tz1UcwKfokzWm6g2jpnVVqjRBd9iFJQHhH2m, 245900
tz1hmthKmMeNgmAwpPe37v9icAvRnY8PQ6AL, 245900
tz2NN2wHZXuSRDCsCBiiMVS1GBpv7xiDUmgV, 245900
tz1fGE6PEPqdzzcLP9NJd9DcbMAhgFqEt6YD, 245900
tz2GegrB3yk6jLFFAb6L5nXTQRfE3Qr2TN7e, 245900
tz1TNSpwatDtoW7D32cQSkAW3HcHPPa4mNzZ, 245900
tz1UVbZj97XFLZfvXGF6i1UcodUCqdontCJZ, 245900
tz1b1cMNcrF1YCrXg38J4dyStXvNAPZfMAm7, 245900
tz1ZPBvqTpxsobks5mXK3LiDXFxEF56fH3Vj, 245900
tz1KyHub3GLwHNndoP5GsFsXnoDqToX8jrkt, 245900
tz1NgbZvrT9KmCmRfuigahETUZqBo3kjLCD5, 245900
tz1aZCYjgHFwgFsU5UgwMcacCcJg29q8xUA2, 245900
tz1TkqGsSx3gB17SLAcMAnDgfs53kYeFez9Z, 245900
tz1aTRvXEy1dYUKBMkuy5ryNcBYbcSktodZX, 245900
tz1dyJLurVujmuH8YdmEcw5Bwf59BJSpCvDb, 245900
tz1WSYbDKw3nRGeQiECwMw2FwPc614ogVpuQ, 245900
tz1WDtMQdggPNJvQVvVBSS8cHTKy1aLLWBag, 245900
tz1dZSmeDfGiGSHKYi5UtgT9Beh1Aw7sD52n, 245900
tz1a1BjiY94dZwYRSYK3aeYkmfpknx5LQNoz, 245900
tz1Mfh2WiP7wHwLBseVP5zn7EbV9weEP7ENU, 245900
tz1bzUnoz5Q8FSBYSLRkvPfs59NH7LnZzwjC, 245900
tz1ZPSGxrrPPfrmoGJgpXDArNJfNNy3qGvE4, 245900
tz2KR3tYaM6GkxWfJEcKVeaq4v5mkhM5GA9o, 245900
tz1dhmUMLa3ZeVC3GJWfQty4VfgHdkd6xacQ, 245900
tz1YHSQL3W83Sps1sEe3VQttMsyYW1wNUepr, 245900
tz2H3f6vcp5tKLQAEj1nNJDt7b9wjk5ASxK8, 245900
tz1MoNvinCiJMTfGdaRTD2VFDctWey9f1fwo, 245900
tz1X6ADVxP37XjYppBHMLVRJQwmxA2YxztbQ, 245900
tz1e5tZ1iYEHy8GGn6ZgccGqaaANSVadkCoL, 245900
tz1MYL112p7Jq29PQ9qPMtae6fwpaWGe5DMZ, 245900
tz1Whk6Zx4g9TSxw69rfc3H6ZNweqeoPUp6g, 245900
tz1YpGaj4JCUfdqxUWMA1V9MWjufSVgccKos, 245900
tz1TeVnoHLYEoeUtrSE1dWLfP2itipPnsF2o, 245900
tz1ghX2XPVsyGUPq6dreigvFnwJpMQa98dwT, 245900
tz1XJL2woLYYK5fLSL3V1F6gzfTyDfE2AECP, 245900
tz1cE4d5uShBii4Xujm35G1XBLXqcJ7SHKHu, 245900
tz1VGDLr2sswAVvtq7o1S6V5igCSTkk59yoa, 245900
tz2NXn1uhqMbfwSJ3w2Q6ymrPQkF45BxPu9L, 245900
tz1YNuMisc5iNsBzfbp9KTTgjr7okdcu7Zyy, 245900
tz1a5QW18ULwjJK71LSc7UqNGgryrFouHzf1, 245900
tz1PQ2coxEG2ThYveJPe61ntw2S7WMy4pN3g, 245900
tz1dghYwdzvHc3tYHp8iHpNUSpmAvvs8Zjs8, 245900
tz1UgEEuDe4DZQAroY6ewXQN4oMNpGv5pkYZ, 245900
tz1hUSX9BKFT2ux7karNRArRD1sDQ1dayzuK, 245900
tz1PpfvJ7yaWLADEWvRW5KYE2T52Nsv6HpCk, 245900
tz1UgKUorMCBdW7Xh4PAx3VqGUHmtA7sDfTz, 245900
tz1h5cjXvXBmv3WW5kP1L3GG15qZSzsWaXEY, 245900
tz1e9yyBSZ7gudUPoVrYfeoRXhaUVAVMcUwd, 245900
tz1Ns6BmQE97Mmqz25DGwVovbHKVnA1U2uR2, 245900
tz1P1Ts6vea8Kk5V6r8UempmdYi1b7n38mCr, 245900
tz1fsz5x9dABLHt97kvXAa3LYomtu1BVrS7e, 245900
tz1NJS9T6FKTnKUkVNv2g44GHTAhzH77qiYw, 245900
tz1UkGU3xjNPbP6tCQmZXpkMuvZ1p39aDhcu, 245900
tz1htqTV2Hst1DKkWMWKqnYNwPRNnoZR6dm8, 245900
tz1gEe5ohvW2dUPqXwSnNG7qBbrN8dYWvywm, 245900
tz1g2gjYkkvMtBMrkCQxiPVAt5yCBNwhtDTQ, 245900
tz1YHgajY3GSGKxm9yyKmk6y4yDJNM8YunC3, 245900
tz1iVCTWgFsunbX7qVP1K1pCAJjSfgZWup15, 245900
tz1gwJHBggCAyuANKoc6zt7ChA6BjbCp7TiX, 245900
tz1Qu9A28dJXdcAAiDxMeKtDu2a3BYeDZGuT, 245900
tz1eMpf8bAHastNA4zrU58M85eNKdSRzCsCK, 245900
tz1d1PUWazmsyButbcf8HPawAqyvRzR4Rxzb, 245900
tz1S1afWTfE7HWPu4xKAPF1vHNZs9aMrErbE, 245900
tz1WjGnJ22iGB6PGxgjX5fvQQBKdnPvx52Y8, 245900
tz1hu3AR52NY7bnzoqC9CiKtyZ5Qr7GSKSVm, 245900
tz1aQ8NTzkfGT46Dv48e8sMsw9X4Dog8qqKZ, 245900
tz1cukANQKWQMwPCAnf4w3wqNE5oiGVYnH23, 245900
tz1VU68SK79TDs27wrXjSnAxq6SvpmeuvhJo, 245900
tz1gV3AwyBdSfkYuRDGsaibNG1abnLab8efN, 245900
tz1XJxZDt3bjLvz1UKgpoJFD5hdyEv85yafD, 245900
tz1ZUSLdvBxEY5yZ2E3ieS2eASskh4ppD3MK, 245900
tz2L4t9S9LjpR2ca6B869siiKe2Ymp3aQ4gg, 245900
tz1PwoZeMnjPKHxNnAcH6aLMLuSszQKB31yu, 245900
tz1a81TPmrczatMPMwCwUg2Y6m7q8GEXH8yX, 245900
tz1Te8NpRyK46m2pGPQTkxPbpXM4z5Vy6XRH, 245900
tz2H21wDMLHDJ4jcJwPr8cmhFatSv276Jama, 245900
tz1NXvghkqfdC4ax42DR9mQTuKaGkUPhbM4M, 245900
tz1MXjLSRLoEDJWGRQ5iAznd4Rk4Hp5xqbDq, 245900
tz1ZQvifWeJLzRHuPArmm7sEy5nu1q8Qo68H, 245900
tz1Uy2xjhPk7DzuxBMdEwCmRX5irysRdyChX, 245900
tz1KrRvDZh8paBBJo3y5HcQhg2ztZLJes4Q2, 245900
tz1iD9Evoc6HsPTMiK2E7YDSsUGpgiNeuiUA, 245900
tz1ijqQwXr1YRBtt79ERKs8KkzxnJYx8Vtp3, 245900
tz1XybL3snBTHxyJaM6CkE1aMQPh95Ra4j9k, 245900
tz1fewvNHnHAm2cDw7nUYYzZHWUq8V5C52xx, 245900
tz1TMknAA5xLgn5T3hrn2v5yTxpbdQ9Nu2o2, 245900
tz1bBS9UkVu1rbR5taywsP82iHfcy9Mi7jou, 245900
tz2RcBPrLSkq2ZytywdMWcLGxSCQpGxScSEU, 245900
tz1ZrFk8qZ9A2gVBYNTvJGH1VZMh4kaPyfg1, 245900
tz1Te5JR7gzDBwtZLKPWSPuTGFE4JX21vVur, 245900
tz1LxHLEXqWkbqsGjtA9f2tFVJkcEwVq9AEN, 245900
tz1hg4KgQ4X45tinZtZcLenpKnAqd7Nif7EK, 245900
tz1TJD2LFFKf8V6weRC3fy5rY7JA8wPqPksJ, 245900
tz2NkjhH63ZPmmNXT5y9vAaBUZV8peAo7DKM, 245900
tz2G5z6zePnhp7m5JcsHe9X9A4EmprimsEd4, 245900
tz1KyRUKbkuBTK5uaidmF8FbWHYrMjdw6GuP, 245900
tz1Qz7byMcnq4GwoK8rVpSavAB2gRePrWQZA, 245900
tz1VkSjVbwwEJvzffY6f6eXBcNfzTfU8N4nT, 245900
tz1SFS98NXvqAtc4omkjLS39TggYziRPfkVk, 245900
tz1TQJjDtzUWWAa5a9H61iyPZmuKRfX9hXi8, 245900
tz1NWKsQtMZd6qQBvUvKmMLyRuo5yqVX9ugv, 245900
tz1METaHSe8H8S821r3zk2azARMRQY3iEcP5, 245900
tz2FU4JnQ31SYxrR7dfmq7wD199KmwFWxzSD, 245900
tz1gN5Ch4VeDZjiM6R1KPMBxPWFxL3HHKZyT, 245900
tz1fkGmiDL7Fz4aWABz28EodRceXnNJzvGzB, 245900
tz1Sv95k6aZGfr7EBVeQ8rmyzQP7KNGDX6Ji, 245900
tz1VZ5JMdo9dSkcWMso25N3CEaNcAzjVtpiW, 245900
tz2EP3fw5CbUUgJdx4c3Xono8Gbc8PLXGRM9, 245900
tz1aQi8wrLRezyuoAiZEaopc3cayPPzPGMnj, 245900
tz1Y2QaG5AtmfN7rwBG1coLQKFTTSw55g3Kk, 245900
tz1bYw6t3kPudYP5whjLULirRXoq16VyrA2e, 245900
tz1eVkPC2govjnbsQNpjtxHLeqNdqdWkneiE, 245900
tz1bCWeQnSvDe2v4riQxkXw8NXP6sna3VJCJ, 245900
tz1R8GuEbrVQ7dZXNtTxxKX9qyg7W2xnMLP1, 245900
tz1idBmCGWpRREnC86X7z17NcgqnPDtz1on8, 245900
tz1hCeVCQPc5QE47JVqsYpCQtsRUpdoofoHD, 245900
tz1UavTaFdcCG6hontEKgcP8od9SPQajpjVq, 245900
tz1f1DtLLNpz4dJmXzoDBxSZq5SthCL6ECHJ, 245900
tz1gCpdrNiB3KsQk3yQ8s3JymGdziVNegRyR, 245900
tz1PPnK5svFkdfdUsP2DSYTVnVocdERAMtHY, 245900
tz1Rmq5ofnKuUKjjxA5MCgcZCCoydBnDzFMd, 245900
tz2TSL2fZWpprEGs9Ncf7qQhepCSvp1Zyp68, 245900
tz1XybkRZWjLx3hwcy1hQ7PT6FWEhpHm1FBv, 245900
tz2DEkNcRVfzivGs8Y6CJkdSXcwxd9P67Vif, 245900
tz1LtEidH6nPXA7EUXZw7pfgTmW83JbNqEGn, 245900
tz1Qaerc34o7jE9v8DnUKaGGE4Qw89kgyvpN, 245900
tz28pfvK5TjkSVDAEvgGK41qTygBynXQdjFF, 245900
tz1Uq9CeVUbuEZzPWWQ8f1zya8WyFcPn13NM, 245900
tz1ccChjQckbojW39Rd9U2z2oqe9m7wNeoLf, 245900
tz1SKD2rC1KCdGyx6R2Jggnb9NKAG4ddwH7H, 245900
tz1NsoVc6SrLLQVTtTiit55ibmp8h9f5GBFA, 245900
tz1e9mduK2g66FFtqjWTXmFAw5hHHva4foBD, 245900
tz1ZbavTfC2a3FKb5A4Vm5GSrDd9bBguMKpN, 245900
tz1aHfaA6X6x6mduNegFQwfrgH6LFXCzE8d9, 245900
tz1QLknXHjQW7akBdJNnPVKnZN67vBhqx3cP, 245900
tz1NFCjLuBbuamLrfGj52u1QbAFsycGZmy2f, 245900
tz1ggQLiJ4oiottQwWmAAtQrzJnDEXd7gtTB, 245900
tz1Pabs6t3Xe9pNc58qRU98cHp4xzieEayfn, 245900
tz1UBGq8hJvQBAwjpL2uxttEaFQaxkSrWB3H, 245900
tz1gEJE7zKjPhz3BCRfCBAXpbq71UyXyFJAT, 245900
tz1VRjXZHZjqxjwVYyBdGGRBYGEJncuJcKMQ, 245900
tz1eB98UCpwHkE5NcYE2f63W5ZgtxTe9aB27, 245900
tz1U4JQeeEtdaigGShnAGG5dUZ6ZfSwQUuX8, 245900
tz1TJspN7PEXSA4tsGJZ1EAE3iJGDBoXJz2Z, 245900
tz1Sv2XMQNxcAqyqyyv42FHjf3EGwJ3Godj1, 245900
tz1PgfSvnU7gP2WGr8Qs5RHsxPQK8jXFPzdj, 245900
tz1SxkrxwzFgaMjU3WMVNPUMK2ec6NB6Cwez, 245900
tz1TQw8erN1a2LpfRSNMExicRXMveBPbvTKE, 245900
tz1NgDfXd5ZwXrAkZ93dgwryKbAcJXVYEuZj, 245900
tz2Lvb2VDUQqh45jWYJ6uNWkrK2bRQbqvPtf, 245900
tz1dkvGy9auPn92v6ffGGQB3r3c6qa5NRKJx, 245900
tz1T91M5vd2xYAiLUS2VLYkDZRoESWwf5tH3, 245900
tz1Vy3eQu2g8LPL1JsWThwDYNmFVQPxg7BUQ, 245900
tz1isUkFmwZvUqrBPLnfTn9hVqMcNzKCdCp3, 245900
tz1P8jubGDzFmzV1pypDE2pn2ow5yz6whXSZ, 245900
tz1bGuBjX1cRcUZdya3pQz3vbMzkPGkdsayZ, 245900
tz2CNGDksJFr21XKonJeD2uzJPcTmNfQBAKY, 245900
tz1NP5KGYCP2Yii7YqzavCMnQbYsCa2YBzjT, 245900
tz1aoCNMVTassmmqh4geoPexUkyzSqhFpngY, 245900
tz1iCiA1vKmgfZbY533ZgMwFKZ14S1DQNooQ, 245900
tz1dDw2YD657qFqQq5tCtbkLxrgnEAECm2Fj, 245900
tz1UU2mcstSFSBBqBsn6NKTxJDtEhNunUTqX, 245900
tz1RFUjzPENm3vF7quaxfELQCfNTCSjAsFdA, 245900
tz1gCNBD638MMwRfenJxEQNz1gg6out6fWs5, 245900
tz1Q1LWn8wCK77L4xetjbH3Ar7sDaSANezZx, 245900
tz1gbDPq3tQ8HXjBWJfg2BGFUisLS2cJ4Ri2, 245900
tz1gXqxBxKVZ3zVoD9QrveHaBeHoqB2h9EsB, 245900
tz1TG9d5ACUTVsyASTP2yi412VbW8hf2HUV6, 245900
tz1duKJj8BUgH5dM8cMcLm3VfuqzRd2B9gmQ, 245900
tz1L8hBVpams2fWFC9kS1sPVxfGY6Hmg5TQ8, 245900
tz1Vv1E7bLHFnLVNzBeJRddshndntEiRat4e, 245900
tz2Ly8tqFcTDFbxDV2ycYHuG69roVGLo6jKC, 245900
tz2C1gVCQZHRYtWvVxV7pQcJvJz2SA43955r, 245900
tz1R3o5iRJkWGDNzZefFBxiZPiTn5tvLQ1yi, 245900
tz1WrdS4sZNCD4GHvYQ2z1B8mVrMTdngKGKR, 245900
tz1cBtyC5n8St97mKeVCvV2jo5Bf88LASkSQ, 245900
tz1N25qpYZhHppwUH2yrJ6vscBvL4yhaPXmj, 245900
tz1MBBHouAx34ajCKynk9QGRtTEh1nTfGjH4, 245900
tz1SJGsLkwqJW3sbgAWxvE4QHuVtBwu5tuUx, 245900
tz1VwBEDhgfN5qBZhGrRRRtL7C8uL3jWRw72, 245900
tz1edX2DrBVBKc3G49LAW7QkXrsYGCEVJTzL, 245900
tz1iFtxEah5w9gtb9WPEcksGkJZv2bP9r84s, 245900
tz1NpuVkZM7aekDY825D9ze3QN5TCNXUpqht, 245900
tz1S1Aew75hMrPUymqenKfHo8FspppXKpW7h, 245900
tz2HRUpTBEBvBHBS54W9ZZDkUidgCMEdLiCZ, 245900
tz1WTb67VvXjMievFACoRZ7ABfvPkA9E9yjs, 245900
tz1Z6zU1qZL6w44hZt8id3Lknf1sMQn4VuLw, 245900
tz1gmajxhmKt22CbcsSA7WWXSATgbuVEmzTC, 245900
tz1QUD2vufLZ2TuMcGTwFzZ1yJgsTCWWW8B4, 245900
tz1eXBncH85danv8cM6qba89bNZkojJ4UZox, 245900
tz1e9xk6cEPkb8G1Q6bQsyzpbxEYpro5aNcs, 245900
tz2UvEMSqhXeREANCQvhgHSpN2Lc4LEuKR6V, 245900
tz2S8oNmxaXAmp4CC5XimQoiBysger9imwpZ, 245900
tz1RV3ZmPme5eoEBTtBPYCBFhBnq2ARaSFzR, 245900
tz1aVCBtJRorwyEZBPoFHo9ShJcBp2UeAQoZ, 245900
tz1MM5zmzSTFjzcdy6sT27gAB1i47h83wZ7c, 245900
tz1f4Z9FJfgStP7v6Rj7BMJnWJ9Mb1NdAGsS, 245900
tz1SgTtJb5feaHKkTyt4iayusey2dK5CnW5d, 245900
tz1bidWHB3ApqtUstvoT7pi4govU56b7G8YG, 245900
tz1MjW3XAMD6PqJcgoYAYowfVGeVUyALi1zK, 245900
tz1XZpupEzF9pDuAast6xbPBPHLbrV8JKnnc, 245900
tz1QZaWEGL8rE9AJwBn1QAJtikX7avTa2D2c, 245900
tz1bxnm4UrKDq1kR8qfxYvnW6Czjhv1yRqPK, 245900
tz1WuamTwfmcKmryWt6P4CRQfB5umURiNTJX, 245900
tz1Xgjx2mDDiUdWjPgyYM2SNMzHNK9w2YnvZ, 245900
tz1KsBos1cDAcL8WwCiMJAW5KkPHJPqZqPbe, 245900
tz1VARw8Qma8YBzpKLjBAbA6sojcABnZz6mi, 245900
tz2UD7tXJyBrfDBHnFzhnaeL8ZGHxcDZuDa3, 245900
tz1WZVhFSXCPNUmK7osFwNMDEqJKGSsSCerS, 245900
tz1Lco5PP9JUvioRueYQPm8qhokRodMtVLQv, 245900
tz2NoohmPsiEQqLmibjt2DN2vgp1F3mk9gME, 245900
tz1dWuBhVBcfSzDAuM7YsomUX8yw3RzwHDss, 245900
tz2GK2n3iUmekDjAipmw8qcAL3k6Y1iwKErA, 245900
tz1dz9yFGHQR4vQuJMFevge8AWCBkAf4bFs5, 245900
tz1Zi5Zxnp7FGLEQTFuEmKNHzJFNCqLjadDH, 245900
tz1hx1XJ38tBUKZ8zdjxYpgSWBPhx2SsZxg9, 245900
tz1eeR22tmjPN3rGDikEMvpe8jcdXww3dqTt, 245900
tz1WXyYbWTWasfUfb4CoU4aYyKjgWPGeSSBD, 245900
tz1ck5Yk69eFwRpeQycTJpL32WQe1vNXEiDn, 245900
tz1gXcAJZUYqK8JkkGDPN63cPQGu8LiBndK1, 245900
tz2NiT7RcXB3KiquAbRmJgfXri33TKqDC7kB, 245900
tz1UYxjx7RJmCUDZepbKNFEuALvXmi3Hbnai, 245900
tz2S4BBMmKBo9xiu8YVBVNsDHxcDy6iv1PPo, 245900
tz1WjjfLTHy8u8bXUbAGBzwUmchNQTmkjUGq, 245900
tz1SRqy8LjwRUryADfuCuWtHwKPqcVaA3rfw, 245900
tz1bre3BtRA1541M7QHcZdPdeKnvnKU7399p, 245900
tz28ztSVFepv2tBJ2mtgpa4g2D9xGPb47b7B, 245900
tz2B8FXwPxR2CgG8AWVyoVNvSK6eUpaZJqQu, 245900
tz1ag9XTCkEzkJTus72ABg3ucDthHHW5i8VL, 245900
tz1aTBmaqn4saJA7oSdiWRETK8EKtApzd6Qb, 245900
tz1UdUb13gbim9jTytRYqQ8f2MHp96dSQyjW, 245900
tz1QNjBMdcCq8EwvPt27MUkqgrb3biJKd4se, 245900
tz1Px9gyTVfeRPpbJNV1tT3cxd7hmddeSrse, 245900
tz1PsJEQjm9TRm3bRckdLVXPiJJ6yh4xSa3z, 245900
tz1bWW7zR2Mypc9GWxAeNGLPrB7JDTPcmgda, 245900
tz2M3hq2zWfq3xAJ3WWfbGnubUZQS7x7tZaB, 245900
tz1MYMC9xo2imt8iZqrZfTfP2CTE3kC6SjjW, 245900
tz1L9jBmqWJLiv8Smnf5degM8aLV3EWPHmJD, 245900
tz1eP71MJjgB5e8PEB8zyyjgW25o2JY2VUne, 245900
tz1VCogGe8xeRgQCLrVhPbwo6mBSQxAXep65, 245900
tz1iEx8StCQBU7VTFfW5hd8QFp8722wUG8sQ, 245900
tz1RDyZTRTLpSVNbMeJZ5huaGejgbxDrnhVQ, 245900
tz1Wm5711EVkXGxaQqFfSVSEFLLtGR8LLiSh, 245900
tz1Vw12vEpuvBrN7kSNTfU89qf8bXQhYKJ3a, 245900
tz2QBggikQp6AjBeGX5WkbHC69KcQdBSvUy6, 245900
tz1R9Q4r89QrxUjM6d7Y4rc35rxiw6DQ1iPG, 245900
tz1fGQ8fH9aXCckoQVXe3tUPJk2Pee7LfmAS, 245900
tz1MGZvUvj7HMvksJtwzTD9JFCALdPrrcTW7, 245900
tz1ZNNtkf8dD9TzQLCN4ugR19TfHHkhjqF4e, 245900
tz1ZGB4GfrHMXmNHKAT51z25JsGt4rZUtPqu, 245900
tz1Q1VtwzdZUWNEhVuE2FAd89QEh2TNm8SHL, 245900
tz2HYjnnRbzPpUGMUYGKVXDnsfSKKqH3aCVT, 245900
tz1cLd3gXJ9Fk5c648hRzFvTnGfT97CxcHrj, 245900
tz1UzVn5KSZ2zJznKwAQPT8ELMTXZj9SgVay, 245900
tz1M5swezYMnDaim71PSeb2cPFk49ajrvDV6, 245900
tz1Tfpw4DK8mGqh3W9prkTvsF3wc9X2o3h1z, 245900
tz1cuj9Cgi19KMRi83UuypS89kXM435qdhmy, 245900
tz1TPdPqsxetD95ficsoRYJ95dbRR7GARfMs, 245900
tz1VWWcZuK6TK3UMiYcoLfEDiwfMqDDhFqdU, 245900
tz1ecJN1pWAgJ8Yw5kuVKDPjddYrEVnsEmBr, 245900
tz1dH9hue9GArXC8DdXsNLm38xGtW6QLWpe1, 245900
tz1Mdpj1npkpaxPHF2wFN6oX8SovVPfHyXSy, 245900
tz2K1rDmszPuzVQYUcyDFxeSm7ZEJdDvhXx4, 245900
tz1VC84VC38EJqM319HZhSwbY2nJ9arTX88R, 245900
tz1WPYj6455VboQhoKTQ1jyZT4HiotV1U7D4, 245900
tz1hybXSExuhDP1zxt1Z4ZpKcycCEhxX4dMZ, 245900
tz1Tozdkok4zJFW1fDMshigVTFUD18SM5Ebz, 245900
tz1XLCC8JdvczMLELj66EgVCzZDkJf2ZBZs4, 245900
tz1XukK9s97k1ETuFNs4YMCYmtQ65akpK4dF, 245900
tz1SW7jwwbV9DBHewJAVkrADdmUYmnjyzsMF, 245900
tz1TxQEUdYYXtTQxz1uNG3vYxprbfj387K8p, 245900
tz1TnWsv8YhsmqkaBaSWBB7yZYN2Qoe4AeyU, 245900
tz1SrPAjrmxKZA9hLjZAtv2VEeX7ukmenWKK, 245900
tz1dTmMLY7tan1HKfW5e3KxJcfZput6UuTH6, 245900
tz1ZK3KvF1WShsWL72Rhg915tdFfH44fXsHi, 245900
tz2Kmi3xEnXk8c7zqWSQqSSyfNpWt6ovG38D, 245900
tz1igH9gdPXmgw6ZhmiTJN4d69LbemLSi8hV, 245900
tz1iPyuDXE3Ha4S8TGbsyJX3eyvUy9whRo5P, 245900
tz1QwhiKeTDQrfYapzCooFjizfzawqkEEtSE, 245900
tz2SdhzrZkP9248bxcxF5Nqca9Ni6QYf8vGd, 245900
tz1RcNC1BxuFwA3Dgsir3njfbKJ3xM9WiFh2, 245900
tz1b58mxvQAc98hbXjcrgjf5xnSwYXzi5gX6, 245900
tz2GpwoEFVTWoYwCcWU8qLgGT54B6t92Yt8r, 245900
